{
  "model": "poster_v2",
  "dataset": "fer2013",
  "split": "test",
  "accuracy": 62.44079130677069,
  "classification_report": {
    "angry": {
      "precision": 0.5644555694618273,
      "recall": 0.4707724425887265,
      "f1-score": 0.5133750711439954,
      "support": 958.0
    },
    "disgust": {
      "precision": 0.3776595744680851,
      "recall": 0.6396396396396397,
      "f1-score": 0.4749163879598662,
      "support": 111.0
    },
    "fear": {
      "precision": 0.4743083003952569,
      "recall": 0.3515625,
      "f1-score": 0.4038137969713965,
      "support": 1024.0
    },
    "happy": {
      "precision": 0.8682634730538922,
      "recall": 0.8173618940248027,
      "f1-score": 0.8420441347270616,
      "support": 1774.0
    },
    "sad": {
      "precision": 0.4950704225352113,
      "recall": 0.5637530072173216,
      "f1-score": 0.5271841019872515,
      "support": 1247.0
    },
    "surprise": {
      "precision": 0.6696165191740413,
      "recall": 0.8194945848375451,
      "f1-score": 0.7370129870129871,
      "support": 831.0
    },
    "neutral": {
      "precision": 0.5781132075471698,
      "recall": 0.6212489862124899,
      "f1-score": 0.5989053948397186,
      "support": 1233.0
    },
    "accuracy": 0.6244079130677069,
    "macro avg": {
      "precision": 0.5753552952336405,
      "recall": 0.6119761506457894,
      "f1-score": 0.5853216963774681,
      "support": 7178.0
    },
    "weighted avg": {
      "precision": 0.6262576592857946,
      "recall": 0.6244079130677069,
      "f1-score": 0.6213607383041624,
      "support": 7178.0
    }
  }
}